{"stats":{"minecraft:used":{"minecraft:sand":2},"minecraft:mined":{"minecraft:sand":2},"minecraft:custom":{"minecraft:jump":24,"minecraft:time_since_rest":3148,"minecraft:crouch_one_cm":113,"minecraft:play_one_minute":3148,"minecraft:sprint_one_cm":4648,"minecraft:walk_on_water_one_cm":2720,"minecraft:time_since_death":3148,"minecraft:walk_one_cm":1637,"minecraft:sneak_time":62,"minecraft:walk_under_water_one_cm":326,"minecraft:swim_one_cm":8643,"minecraft:fall_one_cm":894,"minecraft:fly_one_cm":4185},"minecraft:picked_up":{"minecraft:sand":2}},"DataVersion":2586}