{"stats":{"minecraft:used":{"mts:auweschvebm.auweschveb_vehicle_a_yf40_black":2,"minecraft:white_wool":4,"minecraft:sand":2,"minecraft:mutton":1,"mts:auweschvebm.auweschveb_vehicle_gromotuha":4,"minecraft:zombie_spawn_egg":1,"mts:auweschvebm.auweschveb_vehicle_a_heli_1_standard":1},"minecraft:dropped":{"minecraft:white_wool":1},"minecraft:mined":{"minecraft:sand":2},"minecraft:custom":{"minecraft:time_since_rest":21614,"minecraft:play_one_minute":21614,"minecraft:crouch_one_cm":1227,"minecraft:sprint_one_cm":26890,"minecraft:walk_one_cm":16649,"minecraft:sneak_time":323,"minecraft:walk_under_water_one_cm":1948,"minecraft:mob_kills":2,"minecraft:drop":1,"minecraft:jump":144,"minecraft:damage_dealt":63,"minecraft:leave_game":1,"minecraft:time_since_death":21614,"minecraft:walk_on_water_one_cm":3609,"minecraft:talked_to_villager":1,"minecraft:swim_one_cm":9446,"minecraft:fall_one_cm":894,"minecraft:fly_one_cm":312430},"minecraft:killed":{"minecraft:sheep":2},"minecraft:picked_up":{"minecraft:sand":2,"minecraft:light_gray_wool":1,"minecraft:mutton":3,"minecraft:white_wool":2}},"DataVersion":2586}