{"stats":{"minecraft:used":{"farmersdelight:organic_compost":1,"minecraft:sand":1},"minecraft:picked_up":{"minecraft:sand":1,"farmersdelight:organic_compost":1},"minecraft:mined":{"minecraft:grass":18,"farmersdelight:organic_compost":1,"minecraft:sand":1},"minecraft:custom":{"minecraft:jump":69,"minecraft:time_since_rest":7234,"minecraft:damage_dealt":10,"minecraft:leave_game":2,"minecraft:crouch_one_cm":1,"minecraft:play_time":7234,"minecraft:sprint_one_cm":14637,"minecraft:time_since_death":7234,"minecraft:walk_one_cm":2076,"minecraft:sneak_time":36,"minecraft:total_world_time":7234,"minecraft:fall_one_cm":1939,"minecraft:fly_one_cm":16825}},"DataVersion":3465}