{"stats":{"minecraft:used":{"mts:auweschvebm.auweschveb_vehicle_a_yf40_black":2,"mts:auweschvebm.auweschveb_vehicle_gromotuha":3,"minecraft:sand":2,"minecraft:mutton":1},"minecraft:mined":{"minecraft:sand":2},"minecraft:custom":{"minecraft:jump":115,"minecraft:time_since_rest":15148,"minecraft:crouch_one_cm":749,"minecraft:play_one_minute":15148,"minecraft:sprint_one_cm":18604,"minecraft:walk_on_water_one_cm":3540,"minecraft:time_since_death":15148,"minecraft:walk_one_cm":4528,"minecraft:sneak_time":186,"minecraft:walk_under_water_one_cm":1647,"minecraft:mob_kills":2,"minecraft:swim_one_cm":9446,"minecraft:fall_one_cm":894,"minecraft:fly_one_cm":290894},"minecraft:killed":{"minecraft:sheep":2},"minecraft:picked_up":{"minecraft:sand":2,"minecraft:light_gray_wool":1,"minecraft:mutton":3,"minecraft:white_wool":1}},"DataVersion":2586}