{"stats":{"minecraft:used":{"farmersdelight:organic_compost":1,"minecraft:sand":1},"minecraft:picked_up":{"minecraft:sand":1,"farmersdelight:organic_compost":1},"minecraft:mined":{"minecraft:grass":18,"farmersdelight:organic_compost":1,"minecraft:sand":1},"minecraft:custom":{"minecraft:jump":60,"minecraft:time_since_rest":5516,"minecraft:damage_dealt":10,"minecraft:leave_game":1,"minecraft:crouch_one_cm":1,"minecraft:play_time":5516,"minecraft:sprint_one_cm":10924,"minecraft:time_since_death":5516,"minecraft:walk_one_cm":1813,"minecraft:sneak_time":36,"minecraft:total_world_time":5516,"minecraft:fall_one_cm":1939,"minecraft:fly_one_cm":14369}},"DataVersion":3465}