[
  {
    "uuid": "ab4f6c95-4935-40f2-87d3-450db60c3e70",
    "displayName": {
      "insertion": "1XtitanX1",
      "clickEvent": {
        "action": "suggest_command",
        "value": "/tell 1XtitanX1 "
      },
      "hoverEvent": {
        "action": "show_entity",
        "contents": {
          "type": "minecraft:player",
          "id": "ab4f6c95-4935-40f2-87d3-450db60c3e70",
          "name": {
            "text": "1XtitanX1"
          }
        }
      },
      "extra": [
        {
          "text": "1XtitanX1"
        }
      ],
      "text": ""
    },
    "animation": "null"
  }
]